TITLE,STATUS,SCORE,REVIEWS,PRICE,LOCATION,LINK
Shop on eBay,,Brand New,,0.0,,https://ebay.com/itm/123456?hash=item28caef0a3a:g:E3kAAOSwlGJiMikD&amdata=enc%3AAQAHAAAAsJoWXGf0hxNZspTmhb8%2FTJCCurAWCHuXJ2Xi3S9cwXL6BX04zSEiVaDMCvsUbApftgXEAHGJU1ZGugZO%2FnW1U7Gb6vgoL%2BmXlqCbLkwoZfF3AUAK8YvJ5B4%2BnhFA7ID4dxpYs4jjExEnN5SR2g1mQe7QtLkmGt%2FZ%2FbH2W62cXPuKbf550ExbnBPO2QJyZTXYCuw5KVkMdFMDuoB4p3FwJKcSPzez5kyQyVjyiIq6PB2q%7Ctkp%3ABlBMULq7kqyXYA
Apple iPhone X - 64 GB - Gris espacial (Desbloqueado) A1865 (CDMA + GSM) (Stock AU),4.5,Para repuestos solamente · Apple,,0.65,Australia,https://www.ebay.com/itm/156018741534?epid=239054360&hash=item245371111e:g:yKkAAOSwNuhlk4XR&amdata=enc%3AAQAIAAAAwM8yN7CSoemzyrW8vCWCYUgjmhRtuQdKzUJHolTS9kcd%2BetkmYkIKQ3cY85iB%2FfhfUAW5u6kw8gfU8KpbCidVefbEOpiHzQT5ldzpQnD%2BYH48mKt2ZIzp6fWomp02D6KBiDmDz1cASNHZDeYALx6K%2FtTXMQ%2FxtNn5NEoiq9Pxf0Iyw6QrgfcfwqEgOLSTgCYtut%2F%2BD7MoyaR8AxNR8HGfShgWCG0GuBZuY7MGC5pLvMtP7K5DmmfrBvAzmuvTdm8Qw%3D%3D%7Ctkp%3ABk9SR563w-emYw
Anuncio nuevoApple iPhone X - gris espacial,,Para repuestos solamente,,2.0,Estados Unidos,https://www.ebay.com/itm/266630228127?hash=item3e1466689f:g:GCwAAOSwJ1dlmb1G&amdata=enc%3AAQAIAAAA4PhH%2BSI61gVt3cH9bP2Rc6Vj0wPCzGvbIy7Pm3lSQF71XO7%2FVGJ7ZUHSqMQVtYyWl05paJ3iN4SLdEz1eRh6XyCFzwWrPGvSld48sH6aWRhAjBHKaoCb17W6T5XbVXU1yT9f%2FKw4%2B5A06L34Mj8smzfqg5NlY6I6ZHdVYiUwxbv3cZxMkAU%2BxanOKEeLesKZCEk3VnZ4%2FoJIQUdgHVnC0xpNfwhAJ0fgWsaQKmLVC3quNit9uV1rmWTcnjv89TOcHCcqXd30%2Ben35fkj3gIG8ZiwbvAz%2FdZyELZ33n6eR5ex%7Ctkp%3ABk9SR5q3w-emYw
Anuncio nuevoApple iPhone X - 64GB - Grigio Siderale (Sbloccato),,Para repuestos solamente,,16.06,Italia,https://www.ebay.com/itm/296180115866?epid=26032264679&hash=item44f5b5e99a:g:u1AAAOSwpNNlgvf9&amdata=enc%3AAQAIAAAAwHifOXhe5VmeO7duZ1Ug1xHLUREyOfWVAZ3VW1irhmKUECPWBWYzcNnXXk4cuFbTv9FWAL4CMyhQrZSJW3Klk0UScaVYPGQlBshqZ0tphZLhd5uyowY4NVlYpAUr303OfNtOUe%2Bhf91IaLw7ZMtJlFY3jJGTP5JVZn6fqYh%2FCD6AkS7I79FTFQRmNsiFe56TNHOoicsSchw2w8FnaOBLYX1MOJP7f5dHTfWSquaruUTlfDIO9eOe2vy93Bi1RDOASg%3D%3D%7Ctkp%3ABk9SR5y3w-emYw
Anuncio nuevoApple iPhone 12 Pro - 256 GB - Azul Pacífico (Verizon) Excelente Estado,5.0,De segunda mano,,20.5,Estados Unidos,https://www.ebay.com/itm/355403435120?epid=2312761017&hash=item52bfb20c70:g:2LgAAOSwzphlrxDV&amdata=enc%3AAQAIAAAAwDgOf%2B%2BqWx9dV3XZIcZjlmIAep6FAIrG8Fxr2hVys6PpQKczfLmMQabUa%2FYu2MMpTCgPEzyqcCp%2BVHXwUJ9BRiVevprqQhVv7C6o3clIVBTUr0RsVzMMg0oYse9gdt4KJ7qINrtSD9%2FpURvXe25z%2BqsR%2FRq8RLSQ60R9bSXZuFVKRSMnaxe2VMhyUjE5uRiph4aN03NIEwJTLQPl3v03xr174FGzsg1KWunO9J1uV3I2mV4qjG67IFtHWww35qLzcA%3D%3D%7Ctkp%3ABk9SR5q3w-emYw
iPhone X blanco para repuestos,,Para repuestos solamente,,27.0,Estados Unidos,https://www.ebay.com/itm/266623056101?hash=item3e13f8f8e5:g:390AAOSwiqlllMmn&amdata=enc%3AAQAIAAAAwB4PGbQZqgWWdSQq07SZzB8e%2FScp3z2EXPgYtj2VACnoZ%2F%2BF0EJZIg5%2F%2FQA8RQDhDyUt289QyWK5PBXlryLv1Mx%2Fg%2BunD6CKR2WbXSkWn0Uol3nBu4bxSO%2BZZzAwtJX9X%2F2LzyH%2Ff4fIBZSgXYilRrdHg0qRw8BRpGWigPqJfIjAdixma77rAeMuDCBkjYUIkbL4Ttjcw1RtU2%2FT%2Ft59VEVSZeg22fg7L0rBZneSkDIh%2FK7L9WF5JI12naHuuClfWQ%3D%3D%7Ctkp%3ABk9SR563w-emYw
Apple iPhone X - 64 GB - Gris espacial (Verizon) A1865 (CDMA + GSM),4.5,De segunda mano,,40.0,Estados Unidos,https://www.ebay.com/itm/166561187464?epid=239092975&hash=item26c7d20688:g:4RQAAOSwa4dlk1nq&amdata=enc%3AAQAIAAAAwAfHlqiVbLTDdp5BRKfyK4iHGzGTCKNjlj%2Bw13jlEQhA2DuV0nWizUANIEHhZljCFUXy8kYWVrVJcL4TpU1DSBP9yGTzz1TaQ5%2B%2B7Bhmo7zmtteag%2BHtvlAX6d73XK%2F5vMwGORMjPoFcEYw2WXTFijhmsNDZVtdbQqmUCH3FbsEK3vFuCG4gPL85A%2Ff4WjaHKjtqMSAhG%2F4rH42fzxusrAOqOBk%2BJTfeWDsibtBaq%2FxWqmYVr60mf27PFnFVn2smgg%3D%3D%7Ctkp%3ABk9SR5q3w-emYw
Anuncio nuevoApple iPhone X A1901 64 GB Plateado GSM Desbloqueado PUNTO NEGRO,5.0,De segunda mano,,42.0,Estados Unidos,https://www.ebay.com/itm/325978542427?epid=239099127&hash=item4be5d5d15b:g:XAYAAOSw~vNloX3T&amdata=enc%3AAQAIAAAA4Lo03ERBWSZ9G134P4zWgIPdekomMgBz6X%2BumeHYwz02hmK0ZM9Xr86YEVL0dwpfGWsPuFjMr8C5351qEzHpElimQfPtx73YKhjXGKWUc64GxKEKrkRil5pJAE7ktAz6z4JNBYtVBnZRMxlW96GlZ%2FH2sPRNhCCtyxbVAWUqAVY3errM1IXZFy1WojakcEDDjfJYYIZhwAa2MuwBaw2nK%2F7YykcjLgbqHLJK2zFx1UoQx9n%2BJ1ZnlSDJG1APlM4fktoo0AYu5xpE5D3mFDsSrWheKOx98UFKPyg%2F93o%2FzSrf%7Ctkp%3ABk9SR5y3w-emYw
Apple iPhone X - 256 GB - Plateado (Desbloqueado) A1901 (GSM),4.5,Para repuestos solamente,,44.0,Estados Unidos,https://www.ebay.com/itm/266627316337?epid=239160803&hash=item3e1439fa71:g:qu8AAOSwcS5locgU&amdata=enc%3AAQAIAAAAwGaGumJEM7l5A8x4Zasi8IRl6EetzOH7gWGsxQTmauBmVEqZhNlEqVgKpDF2soYGw1mC1zSTTs7QEEgGdJXNO5ntcpYKwo7v7fFhNaxviqLy%2FU%2FFxmS%2BVABFKoNeuECk8kSrc3y6Q5d3A2fQuhDIikralKzNtQ5FDXrO6yNrkqWVGXxwQ0mj%2FnBYLHln8GseJvDZc3jD0YzINcw8Cl9dgg0gJub0k9E%2F7cWt%2BdmL4sbleMIklFhHeSLMGFeXMo2D9Q%3D%3D%7Ctkp%3ABk9SR5q3w-emYw
Apple iPhone X - 64 GB - Plateado (T-Mobile) A1901 (GSM),5.0,Para repuestos solamente,,45.0,Estados Unidos,https://www.ebay.com/itm/395141268997?epid=239099127&hash=item5c00414605:g:FpEAAOSwP4ZlnKKD&amdata=enc%3AAQAIAAAAwMH7YMQwr9udVAi2IuULPU5f97Ojj%2BHAkmrRIsWZELa2QlFxaA30uTpNltITmvrxiiMGpCuuvgnRoHtcjWBdjOo23vbH8W3r6GjqCz5r%2Bot91mHniJR2aexgPaf4qymGeZJ%2FAUMECxmtdPfCtA4KkJBrPuY%2BQN1olJ5AC3XvCauPu4VQRVWKi1PkGWZyFbYYjaQkM31yL6OvHfzPBFdz8FWxAP%2B25YwF8LA7pF67rWTmT1EREz4RFjFkIn47JXsjHg%3D%3D%7Ctkp%3ABk9SR5y3w-emYw
Apple iPhone X - 64 GB - Gris espacial (Desbloqueado) A1865 (CDMA + GSM),4.5,Para repuestos solamente,,45.0,Estados Unidos,https://www.ebay.com/itm/166556598816?epid=240377072&hash=item26c78c0220:g:dZoAAOSwTEtloDrL&amdata=enc%3AAQAIAAAA4G1FanKjq%2FTfXxmp2%2B%2FNJgP9XpVbZGY7zanaZRy1P9YRCL%2BK7eqLV1AgQVJhIybDYdxDgKKB1PaRQLJ6qTw2EysElfukAPc8nyXAHgsrm7YOrSvgDIGrbEwrvxC7yXwjlLaxYt4bxg0VjLXUm21BXDYsBKPIbM3RLQ65oGWR927GdmI2ZDjoAgkxuIOAgP42Xw8AedSjW9WYYEuNakCoWwgOlw6BKbe0u2bvFSK%2BqGaNXfcj87lD7CjRWAkR7iR6ThgWNnlVKj3S8ypMD26S%2Bu01pFCj8InjchxnzO5%2B3lF2%7Ctkp%3ABk9SR563w-emYw
Apple iPhone X - 256 GB - Negro (AT&T) (Leer descripción) 6359,,De segunda mano,,51.0,Estados Unidos,https://www.ebay.com/itm/276292981388?hash=item405458528c:g:L9kAAOSwjTllqpa6&amdata=enc%3AAQAIAAAAwO2Q8WUKuK%2B7SS9LIkIZoDkbyUtrHaZmu%2B2QhBCFspyNyanwHcBlzKYdiMWco6iHlDycy8KBR53ljxgC1ABmRTgQSwUxEq3EHyMqOMDGHeWzDRDdR5rLuQjRccleqECJkK1Qs4hT%2BvfzE%2BbRmWxAfrxV6O5sRDRKr4tWZJeYTaX%2BRDkXyB%2FxFEKuFNp%2FPEh8HVhrFKuuniHggaAkEUruor6OakOEO7RXurOlUUM15yGLVSdO%2F00fQj%2F%2BCu4jxtBcHg%3D%3D%7Ctkp%3ABk9SR563w-emYw
Apple iPhone X - 64 GB - Gris (ATT) (Leer descripción) AC1065,4.5,De segunda mano,,58.0,Estados Unidos,https://www.ebay.com/itm/285663934090?epid=239009342&hash=item4282e5b68a:g:rP0AAOSwCARloZ2C&amdata=enc%3AAQAIAAAAwNMt%2B8XCJ0e1byf44AX%2BoizlgTr6tNyfVuMRcEk0M%2FKOFbw2kJmKmzFf1%2BiOLMCxWun%2F1PeX6JwEJagdTVBPvjEKB7RN6fuq3Te9PjQDzkJVPi1ePXXPAa3rOTUSX2N78WSQbp%2FhtP%2BiK%2BGEg41%2BhenzGGD6w9ckmC%2BRtQTS1AniBndQ1yLcTZ1OU22wAOGfENWcU3xR8cXAn8Ctpif9g9w5e3rvOC5rMH5x0I%2BPJVLlc3xsXLVr%2BCf%2B5bLEYQV4vQ%3D%3D%7Ctkp%3ABk9SR5y3w-emYw
Anuncio nuevoApple iPhone X - 256 GB - Gris espacial (Desbloqueado) A1865 (CDMA + GSM),4.5,De segunda mano,,61.0,Estados Unidos,https://www.ebay.com/itm/276297978986?epid=240420150&hash=item4054a4946a:g:0uIAAOSw7DRlrszA&amdata=enc%3AAQAIAAAAwFtkWAUCRtBWvVdsf2V9EcmHmSxGdrDQx6Z4a9uxf3olUZWtITYUGPfcJ%2FInEdrqPwmiekJopRNKA3UJFhj4p7HNR5Fouf2osTKj7y0uQqWJ8qjIDbqUhJMpeqaYfi2ApSvVH%2B7Lc%2BFpH8S9LFM2LKDH5mAGf2LfZt36bXdOS1vyh9%2Bkud0DoN2laugpbXd5tg1sov%2BNUsIVcOH9rqTf%2FK0O1rfllqD8%2B1IRsVcs1qcvatyZxHTtrZxYxQLaICa1eQ%3D%3D%7Ctkp%3ABk9SR5i3w-emYw
Apple i Phone X 64 GB usado negro,,De segunda mano,,65.31,Alemania,https://www.ebay.com/itm/325972004905?hash=item4be5721029:g:bJQAAOSwhcNlmWgK&amdata=enc%3AAQAIAAAAwJq0bDlgRIZ29XqUfY7uJfIAt%2BKs1tKe1lPPK%2B5FeFXiL65XHt2%2BX%2FHNPeJ7mbtftOa8wFLs4O7e3shVgh%2BEk%2B6h%2Fjp7Jbxh4DOWcNgulaR1GXVYeiNAcEyl5lE59b7pTaGl0ipzIV2SqXBt567TQOFouWWSJpVQPMyUahHSJzywTvkpFynIOeQRdSWL9%2BBPqMt9eQku9LOY9arStNeUxtJnMGZUPG80xxy2wbbnrkMqP3lTrDz6kNqayk%2FdSCmIFw%3D%3D%7Ctkp%3ABk9SR563w-emYw
Paquete Apple iPhone X 64 GB Gris espacial (Verizon) A1865 (CDMA + GSM) EXCELENTE,4.5,De segunda mano,,71.0,Estados Unidos,https://www.ebay.com/itm/204622351577?epid=239092975&hash=item2fa4714cd9:g:7VMAAOSweIBlqVPj&amdata=enc%3AAQAIAAAA4PUamWpeE1KcGof%2BQZbJwqxPk%2Fnj7I1hQAz6XdVvXVe6AVFPDpivY%2F2BRxaRYgeDTNjEbPm1M8WiUADjrtfWTwin72AwV4vIJlorDtRDWk0scsUrK7yo4T5dqWIQM0eL7SNPn5kOmanHLOX1QHvXoDwPKe7EXsovrpVaINlX3EdYPKBDaAaLo1uHRo6GVtcJqCc6dmn2LigVe7c5aoA8HNX0%2FFTf361YACyfjqkxiEDgTqymuvTATFkmWbqx69Yt%2BVHW548C0tBNVMdF6Hr6lKFN0i8%2Fggbkxp%2FhrYjzNECp%7Ctkp%3ABk9SR5i3w-emYw
Apple iPhone X - Plateado/Blanco - 64 GB - Sprint/T-Mobile - Lee la Descripción,,De segunda mano,,72.0,Estados Unidos,https://www.ebay.com/itm/204622926769?hash=item2fa47a13b1:g:lY0AAOSwJwNkwrH0&amdata=enc%3AAQAIAAAA4FkWnOi0eG2JgqJ6gtag7H5NNTLFpU5KCpQ5UNOQkcX3w5iNyR%2F3%2BBEHKI5%2FqVQROlesZWGqmqd6Xnpuzg72btIRtUghFdsfUdLYxJ60dWL6%2BnHfId3ViqaGWEKxYdxMPVXHtqvYgd07Wmuagjged99YfKmLOI4zgPDSNXTuSE8kQ8bfISMBvcwpUFs53SwHP1zFWUF3kxHfPVQadTSqvSQFlqPQVZp8FPEZWcnFNhhv41RkwvQOAJi0N7uNWM3VNxkqSIOSZ%2FAOwu%2BD1Hx6SJ7yktY7W5wUvIlICJr9EnRB%7Ctkp%3ABk9SR5q3w-emYw
Apple iPhone SE 1a Generación 16/32/64/128GB Todos los Colores Desbloqueado Sellado IOS15,4.5,Caja abierta,,72.0,China,https://www.ebay.com/itm/166387008505?epid=235174040&hash=item26bd7043f9:g:cSEAAOSwRZdlaZuH&amdata=enc%3AAQAIAAAA0E6Ly1%2F1%2Fqy5wOl054jwqX5FlhcHxJaElIJJoPAr0bdR2lZ1jPH%2FtfN0Y9uVXw6CyroXLNFnWF5gK3VvrsHNGsKxRxnaSFfU4872Iknfr99ESMW%2BDp5AiQZpiamoU%2FjiXDpA7FGN5JsFvDSv6x7Rk%2BY3LODrRy5XLZnpVesvMA%2FZ%2BdyLIM7tdct1OljBcjkgHRjfpKFK8M7enkfodOXi4xZIXKnkjeExO9NC6aOvlt%2B9IgHdLctuOkhAiAMPJaz9HyyhJjCVK0AcA6hAHumgRoc%3D%7Ctkp%3ABFBMnrfD56Zj
Apple iPhone X - 64 GB - Plateado (T-Mobile) A1901 (GSM),5.0,De segunda mano,,73.0,Estados Unidos,https://www.ebay.com/itm/186259570826?epid=239099127&hash=item2b5def808a:g:nZ0AAOSw~Ztlqg1U&amdata=enc%3AAQAIAAAAwMrFtTFranViK1td4JFM7VFuK9lvgbEQTMCnrYclCf07Xa3BCerIA5wXeEIwjdXWtR038g8u47sEFfVqTRwn001Z40VKOlL5E049Pol6O7nhNNwQ3VZoBlm9VldVSwGbZppQ6t9vkieBC4Zl2zOuMrb87xhWD%2BgeiK45wMoNoWWGEQZt65RBNkjOcxZqZXM9ytEJ7SLESugncr7DLfuHHbOnSDiXN18H2AzsuATeZSq%2FnvMd9Cl3VJkhiUxv%2BryBfw%3D%3D%7Ctkp%3ABk9SR5q3w-emYw
Anuncio nuevoApple iPhone X - 64 GB - Gris espacial (Desbloqueado) A1901 (GSM) SIN IDENTIFICACIÓN FACIAL LEER,4.5,De segunda mano,,80.0,Estados Unidos,https://www.ebay.com/itm/285665761765?epid=238944741&hash=item42830199e5:g:my0AAOSwasJll1eG&amdata=enc%3AAQAIAAAAwPYX6FnC9mZ2g8kKgZMbCEsIPay4NITAEZsaeh7XEHSV%2BOCaUoIIttu18QJxWkXKwe0Q5Kd0FGnCyU5JYdSAzir0m4t8AAz8Y%2FVWitLiK0KSrT6H%2Fxtk0gNNS5ywNWXvu%2BAEXJIxADCqegY5uL62eD%2FyhxYp57nL7wiNu3x22IhrLcRUjAOENehsSEGF5qtC1PRMwXc1fjIpRPG4tZF27dl9dLw69U39o26dC24UTLNh0SkX%2BXrptEij0o%2BcKSN5VA%3D%3D%7Ctkp%3ABk9SR563w-emYw
Apple iPhone iPhone X - 256 GB - Gris espacial (Desbloqueado) (Leer descripción) AC1053,4.5,Para repuestos solamente,,81.0,Estados Unidos,https://www.ebay.com/itm/276294977049?epid=240420150&hash=item405476c619:g:QX0AAOSwrpVloHum&amdata=enc%3AAQAIAAAAwF6iys9AxlarbamDChhYAyKbK5kT3zdujDEJD%2FfBU0Vr3JTCUxxlZSuyW%2FDz%2FMgQ0rmYMkzaWmaFTR5j2NkLXTUHFkbas%2FyL%2B70l%2FLyFdEuT%2FViQSZhVRn4a55vjOJu4%2FRHqAxpILlDzdKWpkgF7E2FP6ut5A%2Br3QInHShYkptam%2FO935SHgwuWQfTcRfE9%2F%2FCkajE3otEUXh51PNYwJ7LGWOdGkQsKcEck1KS9g4%2FCVxJ4RQMzkWwH9kDGHqroOPg%3D%3D%7Ctkp%3ABk9SR5y3w-emYw
Anuncio nuevoApple iPhone X 64 GB Gris espacial Verizon Desbloqueado - Pantalla agrietada con daños LCD,4.5,Para repuestos solamente,,82.99,Estados Unidos,https://www.ebay.com/itm/285664972065?epid=238944741&hash=item4282f58d21:g:an0AAOSwvmNlrn68&amdata=enc%3AAQAIAAAA4JO5ofnUeZGzEAcK7Ivyh4Q23f3BstfxBnF8hp2eIXAMckO9Qu1QW1d2PuIpfWqpanBLIf2izlxANKjshL20N2SlIzW81T8XCdnsotBrJ8ApKHXoG9js8ZKKXo96rWal66Pq19DNf%2B6A6%2BezBOmGnl2%2FMbfxuGfpOl%2FxwezhSsoQjvJqNtyeLoBBq%2FUXprtKW6jdp21CijnB4F0dSGc4TvD9E1%2B56I%2BHYo4bUgINWxqmk07%2FNQfenz193hwXY9ZrVTMwUefQoRkkASC%2Bhd8gkHxuPQZJY8VWLGr%2BI0lhoZnS%7Ctkp%3ABk9SR5y3w-emYw
Apple iPhone 8 - 64 GB 128 GB 256 GB - Verizon AT&T T-Mobile Metro Desbloqueado - ¡Bueno!,4.5,Restaurados,,84.95,Estados Unidos,https://www.ebay.com/itm/276086183184?epid=240458845&hash=item404804d510:g:syoAAOSwgiJlIFRI&amdata=enc%3AAQAIAAAA4N7WwhjpQ8hdmi1Rykj%2BEALfPjW42eNLM%2F3alvwR2aWAZRj45KOoCMxR88L3vKwDyOt6waw6txq19%2B%2FBO8wLdEpsaaXVOgC%2F3XUYT0C8QocFRFM0Eg16exceq9wwnHmlTaBa57JhcaeK2OYNBWPx370z5y%2FoGwCQvv%2B%2F%2BpBAXsd8tXqQ4A%2F6jh60A7H5tuFr83xHw5sge5xQaZnzQWHQxYEIbUp9iFUcmnVjmROtyTADyP4ornm1wq9JhdTC1Dwdemj4J30hVK7vPvR4wTDZ1eX43oRi%2FaauOEERMvMvsFof%7Ctkp%3ABFBMnLfD56Zj
Apple iPhone X - 64 GB - Gris espacial (Desbloqueado) A1901 (GSM) (CA),4.5,De segunda mano,,95.0,Estados Unidos,https://www.ebay.com/itm/266622956651?epid=239093115&hash=item3e13f7746b:g:9h4AAOSwq~Nlf9fL&amdata=enc%3AAQAIAAAA4P1WHQwCBXpFa3qLRN5ws985ECYvILIwZ9nkHTsslDI6NUAzt6GSajjYYStRLXMIL4m3V6kGNn5xzLKsYe34H9R%2BN%2B8JOR00s5ug1xaH5paOZji80Khtg96BZDSqSfdgKhZonwbX%2FTUzEsWL9q6ABpv5UZuu8T2LGCHMPQRcOJWYFAEfcDL7xmetmax945DED3qrKVjEBlB6Ymc4CT49mE485%2Bm2AWr%2BVPCjIfavacAgaPNQik8Q0yad7gLE2KQuxSZOODdtCeXKD4qDix0Hj%2F9osQIcRSNoCgZNdLWAq519%7Ctkp%3ABk9SR5y3w-emYw
Apple iPhone X - 256 GB - Gris espacial (Desbloqueado) A1865 (CDMA + GSM),4.5,Para repuestos solamente,,99.0,Estados Unidos,https://www.ebay.com/itm/156005676735?epid=240420150&hash=item2452a9b6bf:g:rogAAOSwQ2hlohOE&amdata=enc%3AAQAIAAAAwAgKisBL97Kg%2BZKGieiJkuaMJUMyTTCns%2F5KehtugErXpDOEd6xlYlMZTnGJWJ52CsdttTBsve%2BcwFNodOQcKHUElScGTxMcTRydaH2PKUNPVgNAPy5dKLAHFOzyUJ2KRAwEMGYbhzVkP%2BuHHH59MJIUtaX2zckgB5iGLYOBO1U0JIkioEKzLsDWBNuz2Gk8LyMuizm%2BEXNH1Ev%2F44TuYYPNKVbiMVzw0qWakriQwWuEaEFxEkkHf2Am097K6gJjQg%3D%3D%7Ctkp%3ABk9SR563w-emYw
Apple iPhone X - 64 GB - gris espacial,,De segunda mano,,99.0,Estados Unidos,https://www.ebay.com/itm/266616009710?hash=item3e138d73ee:g:ofwAAOSwdZtloulW&amdata=enc%3AAQAIAAAAwKkoBWz0ryX8FaOwaO%2BDsdf41ZS6qJwFxSkXQC0wPb4spE7LbxK9Hg8rkameJh117GnofDm9Q%2FyqfjOQeu0%2B8e814uBWjTb6qgjV1hCbXATmjEyHAgyf%2FbKdqBBGnOZ8XpNAu2QEHllxLDgcDGn%2BCj2PjYZqeI9bY49MosZjbsyDkAaXcZS3JKvBScvKLFdWbeCzOLeQlEoliCozaHDiyivj438MWCoGHGM%2BCs%2F1stIAI%2BJxdPofoepyEnfZYHtuoQ%3D%3D%7Ctkp%3ABk9SR5q3w-emYw
Teléfono Apple iPhone X 64 GB Blanco/Plateado Desbloqueado de Fábrica ¡Solo en Excelente Estado!¡!,5.0,De segunda mano,,99.99,Estados Unidos,https://www.ebay.com/itm/156020929045?epid=12032479089&hash=item2453927215:g:sWsAAOSwrB9loET~&amdata=enc%3AAQAIAAAAwHtzHlmunelKH2coxrmK7scupkZQi4RMGOsqQHS9YB1c4T6Uoc31%2FU9aGPXjxv4ZMwM18VAc7RPgJ%2BpZE%2Flfy43W9ThoBdevQlE7s%2BK0eKvG0Vs7ygNHXz15mI5s%2BcMaw7ZeWYLabQIbn94Mc8zjrpe90niypL%2BEexcTQLIJ2Lk2tDgL8QZun6%2FkPGgdul5y7AWJLt8JPsd7sqFJ3%2BlFdGybF75i57OwCr%2FxDIA2aQwcQj5v1AgOjwr8iLbUZwOOow%3D%3D%7Ctkp%3ABk9SR563w-emYw
Anuncio nuevoApple iPhone X - 64 GB - Plateado (Desbloqueado) A1865 (CDMA + GSM),4.5,Para repuestos solamente,,100.0,Estados Unidos,https://www.ebay.com/itm/204626673530?epid=240455169&hash=item2fa4b33f7a:g:GMUAAOSwQ5plrptR&amdata=enc%3AAQAIAAAA4IN5XXia2wf0aN2sF3iVxr5O7QJFd0ic3js1QcpUYMuyx1DmSOhY3NNI%2FIoeK7uN7Yy%2BUZhuWvdAQzR39MrL4vxuxlY6SCU8TfY75KwHMZNgr7RvSSeJiHJrK7S3pX%2B%2FI8XSv5pBF8C1qQXnODlmHC6%2FTuHM3D1uw4Ifb9oM2w%2FRckBrUgVtDGlaH%2FZgImZLD13xyiW71pli4%2BuWvSdMJzMgt%2B12T2JqU9DYKv4DiQOqfFxJAjwVv%2BGjNFivH0yax24YR7hEPJHRnXCXauQJOLtt87VQevukfA1bQswanQf6%7Ctkp%3ABk9SR563w-emYw
Apple iPhone X A1901 64 GB T-Mobile Mal Estado Comprobar IMEI ,4.5,De segunda mano,,102.95,Estados Unidos,https://www.ebay.com/itm/335162200895?epid=239086349&hash=item4e0939533f:g:ecAAAOSwm49lqu01&amdata=enc%3AAQAIAAAAwEhs6Kc8j3SWvdsZp6MAlqrEg9ZFxO8peExEpKX1A%2BfE9PApqvb63QxHlxw6kTLKPpeGYy5TsjgDwIMc7r3OOZfJVYlPo2E9R%2BxII0e6L8tizV9DwixiiWsGG%2Ft01rvI0g5Gw4XOEN4EY%2FiH8903i6t34bH3JzPRaBBq95TuOtocCIHDd4NbjMHqlGlbaMHX8Izvm4u28gmHsGLa4kCMzhawYs4omCkJxvi2H%2FiM04W%2FtNT8SDX0u65R2G99I48bWA%3D%3D%7Ctkp%3ABk9SR5y3w-emYw
Apple iPhone iPhone X - 64 GB - Plateado (Desbloqueado) (Leer Descripción) AC1077,4.5,Para repuestos solamente,,115.5,Estados Unidos,https://www.ebay.com/itm/285659317078?epid=240455169&hash=item42829f4356:g:NVIAAOSwgj9locE5&amdata=enc%3AAQAIAAAA4F%2F5Ys8muKrM7JZ5TloXrHYZagB6t7SsFJJbAPGhjoh%2Fp1bdCHwDN%2FBGSSam0zfqsTf33pPuZCXjqnSiFaPnRt36OYWEwMwZj4ObkaEXy5brVRztU4mIUq2%2BRS2kPUv5tDXFwXhk%2F7C9pHFH3B3CZxEEjwpLu7uwjI3IybhFfndm11K3o%2F88p8xGndUw2r%2Bat9DD36sMXG1P2yxlp9BqoqvFXG1IDWbtdLbNF5MsA1ODHhREGFx0QB1IDmiAOYUCYxwx8p9t%2B6CKcTtWBqrSf4yC7aDEq3GydqbTrfA0zGzw%7Ctkp%3ABk9SR5i3w-emYw
Apple iPhone XS y X 256 GB - Plateado (Desbloqueado) A1920 (CDMA + GSM) ,,De segunda mano,,128.0,Estados Unidos,https://www.ebay.com/itm/115063507243?hash=item1aca51c92b:g:2ioAAOSwNxxhduov&amdata=enc%3AAQAIAAAAwMCMROdWCeqKiezo0b8CjdVmPJ3x1ZXic1EsiaVC2yI3df5w09D7HoohVbyCfwJhPPnsdV2Q9xAPbRS7Gz24qUDet%2F%2FuX4P%2BqKNxeVCX0F%2Fps7elqb7VyLGIgrzmLcOcVET6PmMjNQxqIhXGr55bRZR1f4R67FBSLXVsgZCGsYqvqSC%2F%2BoJmer1CZ2ULD1N4%2BIKAfhEj3ILFwhMiU9FX7yiq57gQoep%2BRS%2FePP8ukWwBSKMSXl4OtxEqfS7K1Ry9LQ%3D%3D%7Ctkp%3ABk9SR5y3w-emYw
Smartphone Apple iPhone X - 64GB - Plateado (Desbloqueado) A1865 (CDMA + GSM),4.5,De segunda mano,,129.99,Estados Unidos,https://www.ebay.com/itm/305363390710?epid=240455169&hash=item47191390f6:g:fIkAAOSwxRFlrFC4&amdata=enc%3AAQAIAAAAwNrtytF2zCQm6%2Bokthqmtif%2BwRKZk1uRrtixMzXch1Iptz6MkrDf3oKYZTmlDX452oWBVvxFTUydIvjrdtnv%2FNHJIvvDaryZ2pwY9TNW%2FQdZdhDUgHR60bYq6c%2B4bgGUtYnFWbD0DVsnEaw%2BEp7MclPjEVt%2BU7azlKpICSrOH6rSDmvyPDmybz9ct4MKijP4u3bYh6yjWnHHkVBjWP89IdVKT5gBjTOtilspex3zJc0pCV3yf2VR%2B02uZdvrWSHXSg%3D%3D%7Ctkp%3ABk9SR5q3w-emYw
Apple iPhone X 256 GB gris espacial desbloqueado de fábrica A1865 ,4.5,De segunda mano,,130.0,Estados Unidos,https://www.ebay.com/itm/115001381403?epid=239093115&hash=item1ac69dd21b:g:yNEAAOSwFDBhSMjS&amdata=enc%3AAQAIAAAA4HjWMdngd8PigcPimAmp56E%2BU9sI%2Bbt%2Fb03ivnoQvi0dhzl39JZMQl1bsJOYkpjazR9dw4SExloTM9lzSj2JjStjnjp5IavrSWeTYcDz2bLL9sLd2m5IE5aCAxrp5Y08uAJcmm1eG05SiSIgouw5aHG8zUEN%2FmE7mn%2BPz9amp4GIXsHKrbqWIBnvD%2FMfoYg%2F9bY1PbuPABRhsCp%2FjAfLR6NbDn16OL%2FvrwuBZ%2Be1IgbFiU3fanjQhtw7%2B6TyJvtUpfLRQ8K1w2Uw28BGtPM8oA6Znmsxp%2BvCFT2ZzY%2BnGxyY%7Ctkp%3ABFBMmLfD56Zj
"Apple iPhone X, 256 GB gris espacial, desbloqueado, A1901–!¡Ligeramente usado!¡Excelente!¡!",,De segunda mano,,130.0,Estados Unidos,https://www.ebay.com/itm/114977884186?hash=item1ac537481a:g:R6AAAOSw4JphOLEu&amdata=enc%3AAQAIAAAA4FQFmaqxp3sO8DglvBTApaKA4fZCtgZzn%2FDaCBRCzZnZZycwzxZFju7Pnmtp%2F18ULPoAfuNb9Tyj847rTHjBdoRNu5CT6mwTBipJwfpv%2BPPTet4sdw2RT2fwSlCEiGZYqxRRgA0PpnKy%2B8wJSoj9ieWXnvx0InqZIDCW4wF6yLXirKTBXMUwbHqja5YXd%2Fm%2BMZwu3D8Nk6KaQmb%2BneySq2diJUUVE3Hm362919P%2BVY4%2B3wVdXYdT3a4N9ZN61GXinnUig2%2BGV%2Bp44uH9nKqgjaSvjdFgvVpBSyUZVYmjZEud%7Ctkp%3ABFBMnLfD56Zj
Apple iPhone X 64 GB 256 GB Desbloqueado Verizon At&t T-Mobile Plateado,,De segunda mano,,132.0,Estados Unidos,https://www.ebay.com/itm/116037731840?hash=item1b04634600:g:2QQAAOSwIqRloadU&amdata=enc%3AAQAIAAAA4BWzjTogRAiH3e%2BES%2BoATU5ZuIJ7HGdXuNcpnlp0z1UNgcCu7JyB0r8ovY2C2yAKkVonjuPLCM59qglxv8%2B2f%2FQ397M3KNl1Xd%2BYnxNN6rViRRGTm7XHY0%2Bfd8pxrcjF5qr1kVLCGKHL391S0QTtFC2Pma3IwW1M%2FcbnNV39CowoUPW3recjEFdZWCZYjPF6O%2FIzY3IDPiUY5efU739YrNyWuDNjlv%2BKof4OdbaOOfJCK5JLjQ7falFuGYQwXYqHk9Ug7auspUkWeWClMhz2pv2qBqAcgXeILoOysLWQCovA%7Ctkp%3ABFBMmrfD56Zj
Apple iPhone X 64 GB Gris espacial AT&T Desbloqueado - Buen Estado,4.5,De segunda mano,,133.99,Estados Unidos,https://www.ebay.com/itm/276289842945?epid=2310781314&hash=item4054286f01:g:uQ8AAOSwdiNlp-1G&amdata=enc%3AAQAIAAAA4PVJjcG%2Fn27jNI8y%2BWzo%2B4QgBuuEzoPeelPPUFyoZKUNZwGJ9DeLYb3ZwM%2BsBI0aZ81T7qnt9Ycrsj%2FXG2X%2B2NTbjyz0yghPif1nr1%2FUgzVeYejNHTc6JTvwsLx42vtaHgz2Ix02viA5sv9l1ov%2BxFA26uGxFJ6mKOyDjPm0GYy97NGmGfXJXvWmiapAbfjdv4befkQwI7AxSPc881pdWz1Uxr9UmBe%2FbekZQAy24dZ5ka5FFuLnPhhjRgJpEq8cB7lwDYsz6%2B%2FkH7FdliiWPCnI1mQn6ZUW0FrMLMKmacgC%7Ctkp%3ABFBMnLfD56Zj
Como Nuevo - Apple iPhone X 64/256 GB (GSM + CDMA) Totalmente Desbloqueado - Plateado,4.5,De segunda mano,,135.0,Estados Unidos,https://www.ebay.com/itm/115761136131?epid=239093115&hash=item1af3e6c203:g:mqwAAOSwe45kLsMQ&amdata=enc%3AAQAIAAAAwBS5%2BuCrrMkBQl%2BUyP4jOgwezcUmElrTyzUob4HeYbDiuDIjr%2Fb5z62zS3akKkxTbcPNgaSMLLBAJY7S81c4%2FFIOE5512Qmx2wuZAEetRXVzV4CF9KCTybwBODv%2BQ4csLGOVZP59BX5bMDyaVngBp%2B51jmrz0Y3C%2BZxc8x86JDSPCEAWsRtTw2oTVJ5OKsVclbHmeQEhZPkcb%2BUVgdrk%2Bp7JwWa6fCR5TPs3g5uLvotuI4PLPHEbd4729iy6oL4Ysg%3D%3D%7Ctkp%3ABk9SR5q3w-emYw
Anuncio nuevoApple iPhone X - 64 GB - Blanco (Desbloqueado) A1865 (CDMA + GSM),4.5,De segunda mano,,139.0,Estados Unidos,https://www.ebay.com/itm/176200889451?epid=240377072&hash=item290664346b:g:NRoAAOSwjOVlrz2E&amdata=enc%3AAQAIAAAAwIFc6dicqZ7f8GEBJAy0Lb%2FyT5RZ5TA4DSDluYymm3OI5dpHhwuQjyXe3q3H2msAbWVjPKBqZQ%2FDopBtakQoiDW6UfJhCmI0VBXinvVU4s6zhSEWQe6VEgMpRUj1yhkob4AysxpiuBr%2BZsYPxPUEAM8H4TEgMBY2r7AmNrP4KJr6%2FthGMKWOvP8pqUEE8Qj3BiDfMO7laBfspwGcPskeiqgbSVKg30Z3nhUQ0btj8CjJW9Qr%2F9OgDRjU9ieh8v6m5Q%3D%3D%7Ctkp%3ABk9SR5i3w-emYw
Apple iPhone X - 64 GB - Gris (Desbloqueado) (Leer descripción) AC1076,4.5,De segunda mano,,140.5,Estados Unidos,https://www.ebay.com/itm/276294468779?epid=239092975&hash=item40546f04ab:g:ZsUAAOSwWCJlobfL&amdata=enc%3AAQAIAAAAwBFref2NOWKURjIXsYf425ETtvblYNKWU0A2dFXuXxoRjUn%2BuOAW8KBkFoxZPQvu44iCHNw1Wcudavyl42jGodUBBbDhYQgaTioSqZDnwXPiye5eL54qXAjPNw668VpX%2FuPCyaZdL3%2FDt%2FerudPHnMqalYo6XqDK1OjhXgGeBirdw9%2B6R%2BAWhxC5iZLdSKwG0HrBPGDLYKx6fukt07MLCOtp0Mjp8MYdLTDRZsUMH9KDz1pdsgnF1KkGlfUtxPbNrA%3D%3D%7Ctkp%3ABk9SR5q3w-emYw
Apple iPhone X | XR | XS | XS Max 64 GB 128 GB 256 GB Desbloqueado Verizon AT&T - ¡Bueno!,4.5,1 año de garantía - envío gratuito de 2 días - devoluciones gratuitas,,149.95,Estados Unidos,https://www.ebay.com/itm/275965493621?epid=22024233543&hash=item4040d34175:g:OTUAAOSwdBRk55oc&amdata=enc%3AAQAIAAAA4Epcmz%2B0ZuAbLl3tvpsJ6eCtSBf7qrv9TpFO49SidxBGqVLwxgOXbseeo7AAhBjkXMIw9lkPIaFS19wouYH9xn1kPc8%2FvBdJ5hcS70gndfFLTBg2tXBV%2BxayAWjG05Iv3YYY9Dr0M41UToiawRyXyiR50AVfLmTON3EoksNOuh1U2JOTUuqbmyw0aXC9dPdCsacvjBZYVabniJLRayTDhF16rOxg9lgC3sz06lzHShYKhdRybz1YwHUNkokoPeomJLHEdyXo%2Fg3qE0HhtGdTEu%2FZdTea5FOrdCOxwCB%2B9upP%7Ctkp%3ABFBMmLfD56Zj
Apple iPhone X 64 GB Plateado Desbloqueado Buen Estado,4.5,De segunda mano,,149.99,Estados Unidos,https://www.ebay.com/itm/284658243690?epid=240455169&hash=item4246f4186a:g:D28AAOSwQnFlAgJJ&amdata=enc%3AAQAIAAAA4IzyAVjAQp9TbqSgNK02lce2t9KyAZVZ%2F0sSlsQkhNlRZ%2BnEPfmw3UIkCYBNys6Uq6NqwrF5ufdjtOf49s4Avu9uJfFS5A1%2Brb2DOUP7mDpe6XMM1%2Fs%2FArXpR%2F3ivymcUzUcUuByR9TuJAIrQ2UjonTJ%2BuEBql2%2FCq%2B3VPN4LlhbZPieKBy81ehKaGEK0qVwHQYxoFafz2OKkm%2BpyYEK0XvLDqwFDMjGGa61qK3SJgL7d8y6vbL%2B0MzSrW%2FLDZY0Q8SnbGRMwpkyRwY7sgUHPA6Xf2V%2FrYVYOaPMnVWjnu0D%7Ctkp%3ABFBMnLfD56Zj
Anuncio nuevoApple iPhone X - 64 GB - Gris espacial (Desbloqueado) A1865 (CDMA + GSM),4.5,De segunda mano,,150.0,Estados Unidos,https://www.ebay.com/itm/116047420562?epid=240377072&hash=item1b04f71c92:g:AicAAOSwcYRlryUx&amdata=enc%3AAQAIAAAA4N4aECwM68HSpQqntNExtHU3G6mM3UeqaAmY2oQQpfdMaP%2FzoOsHgBSHyNoYAmlIwwc%2BgQTyEH1YXa0aiwZMVrdEGIvYqkbIcK7uCCIHurZGxEe6NkXHGbvWfIjDDjCLXCJ71oZGa63rUSDcof8D2zchFJJl%2FiGTYS8HkZCd%2FvQwydRqpZEWOZUn2M5KOOnt%2Fv6ChDQON2fAndCjFjWV8frtwOPxS7W8JkwgFyoHPT3yrnUGDQEb%2B6206ASI%2BqZbcqXlXmJ518y6H3cSOxC3fHaIZXejS66wMEtrBJzt51QV%7Ctkp%3ABFBMmLfD56Zj
Apple iPhone X | XR | XS | XS Max - 64 GB 128 GB 256 GB - Verizon GSM Desbloqueado AT&T,4.5,Caja abierta,,154.95,Estados Unidos,https://www.ebay.com/itm/186035177804?epid=2310781314&hash=item2b508f894c:g:roEAAOSwi7tlNsQi&amdata=enc%3AAQAIAAAA4IPH%2BOvKC9qrVy%2Ba4LBE9PDrHPKIyuYrg9eZFMWWKJ8G2CEA1LV%2B2jV2wgF%2F%2FwxfjDmnu3X05Z13kRpTYAZOZzrkRQ4M4xMQPrbGbGqTIGyPMzz4J4%2FCTI8Vl3mUKWOTGnQfQJMzxBfMkiX8C49shGcUsnC1Btwmr4GyerW5FDmu9y48%2Bfww06xW0SMYa1UqslfqJvSJbz1QDNI9HNA%2BriQsnUkFxE9v4xgD7cuaPycg5YrIt3J3A8U0pwR35Gke7c09FV5Yx8yK3PTPlUt2q9gQLUt5SDA3xTeHceQ9UO6f%7Ctkp%3ABk9SR5i3w-emYw
Apple iPhone X 64GB Plata desbloqueado en buen estado,4.5,Restaurados,,159.99,Estados Unidos,https://www.ebay.com/itm/292456972149?epid=240455169&hash=item4417cb3f75:g:pckAAOSwc5dkv-93&amdata=enc%3AAQAIAAAA4GoWyN3gKxs3HeZ1iFZ3gM4w1glmDUPnNqxf14eq2o1fhqwkmDLJxS3w4cyRJaTlkMaLQ2AErIjk3rH6xMlK7OymJNOQ1kyegkA3tNJRu7fGl2f1ScfXksPvuyZui7UO5PQQfZNASrOvjdbqWn1BErIz%2F4XXWQfG6jmS7gXGpmdmx6FjwgKJeGEUbsUDFqolIPeyfDD44P3yqv8aIhajFvddJVZqC9GPHj4WzStOrj2bhD%2FynyEz%2FW4zRmqXURct%2F7k2hGLS2b4JVFhMK2uxG53SCNh15lCLmYhQrMNhlP%2B7%7Ctkp%3ABk9SR563w-emYw
Apple iPhone X 64 GB Desbloqueado Buen Estado - Todos los Colores,4.5,Restaurados,,159.99,Estados Unidos,https://www.ebay.com/itm/296096285484?epid=238941171&hash=item44f0b6c32c:g:yp8AAOSw~FVlclGt&amdata=enc%3AAQAIAAAA4D4vnCsDQ1VTSpZCGtWdB325f7I%2FArpHJ70V0c9Uh8PvYBsF3KhsDOfJp4J6weoFjD0ZjtGn3j5t0YYIcUx4XLV66nuUaEEfdngm2bVjcWnKsCWEjCcVkJrHHV8FVp6j4urZc0eyWT%2BIssJNYcJcjyRCt11wprKuv7yBZlf4LPK0ozUBivU9LiDDHwo9RRTNTM%2BouAzBfsO%2BGXEwqgACgKUq5KBErTSRkDkSwzQcE2Se0mhcnNhlOW0SJQYE%2BrvV0MeMtqSMkyiAaW9g4i3ofhgLo0rS4%2Bwizwi2AVPcIoNF%7Ctkp%3ABFBMnrfD56Zj
Smartphone Apple iPhone 11 128GB/64GB Desbloqueado Verizon T-Mobile AT&T 5G,,De segunda mano,,164.0,Estados Unidos,https://www.ebay.com/itm/395146877941?epid=14064994979&hash=item5c0096dbf5:g:9xYAAOSwQKplqwpl&amdata=enc%3AAQAIAAAA4GNuMI10gMHlxt72fLG%2Fg9mnr4Ldiv9YGn2unSfu%2FHhITYgtFN3Ef3WfUd1GICopJlJssiL60D5G4rs6EiZqA%2FJfT219hlp0MGyCZXxu%2FlcqulumGIl0EeYqOp%2Fnz8F%2F1gTtwcmhD9HXYensyfl2pP5OlrwT%2BFd%2BO86FZo%2Bh4kTRX1A6GHHa%2FJo6IklbJA%2BX%2BwcUwXQVUEZaYCV%2FXvJFZebx6QIqb90Ts0ZkL4RMxioqlokd9UdjtPnXve9Ps2lIsRG5upt%2FFSQt9XKIqq97dCFhuuqP0ib%2FFN2KtnVOsBsb%7Ctkp%3ABFBMmrfD56Zj
Apple iPhone X A1901 Desbloqueado 64 GB Plateado Bueno,4.0,Restaurados,,169.99,Estados Unidos,https://www.ebay.com/itm/175871681050?epid=2309997368&hash=item28f2c4e21a:g:QlQAAOSwsUdlhgIt&amdata=enc%3AAQAIAAAAwHn%2F%2FtRPrMIe39Mr8l8GxRiWKg6RiTx23dp6re4TTc0vZ2HXJe%2B9qqxqpsrGHShXuBL2waZueRnb1YFZIH2bvCXqEF8IYAyMPnOTLBt%2FFz5ot%2F7nirGMB83NK6rAr35tdg9NZ9wNz4lD2odWxeCpmaJcXq6dXAO3dF5elkokacQFOdogo%2BVBK%2Bev4ZY5mRiFnvhXnEi9uCuueBTk153whnSiIqsz4CiOZ2EOE5W1FhQ7pyWOkN%2B%2BzY0zs6LCbcRRfQ%3D%3D%7Ctkp%3ABk9SR5y3w-emYw
Anuncio nuevoApple iPhone 12 - 64 GB - Negro (Desbloqueado),4.5,De segunda mano,,173.0,Estados Unidos,https://www.ebay.com/itm/145568989252?epid=12041705164&hash=item21e4968044:g:ATQAAOSwAP9lUk8h&amdata=enc%3AAQAIAAAA4N%2Bop1slxi8ETEEeFnlm8mHBRVLzFDH8%2BbZXve6xrP4cUIMOxU5kaMhPyVcyZxv5vz6Z5bcjTSSx6qaAdYnuIcMg%2FfPqIwkPXEoPhzXGOe8VHVygBQlx1pkFtFxYWtjQZszmCuc2UaDHZQpkIakrB2Dyq1lyLNsvJRcd25cmF5areU7UwrUT3CwWai8LlqY7J8JaL2A39gUuTDvJDA%2Bka2Q53ZT3qT3kssbjhUoIEE1PsJCIbKpOSoeisTqOIL%2BW9EdKNBRClWzNXWyA2hPl7RUzIwuAwM0cu%2FsbwjBMxDWd%7Ctkp%3ABk9SR5q3w-emYw
Apple iPhone X A1865 Desbloqueado 256 GB Gris espacial Bueno,4.5,Restaurados,,175.0,Estados Unidos,https://www.ebay.com/itm/186046917206?epid=4009565593&hash=item2b5142aa56:g:JaMAAOSwEw1lpBeq&amdata=enc%3AAQAIAAAA4AfoYpgD8T2NxIkTlNA0AERF5ApbwoPtBhBGLjfIgrWRgHSxPFSsOJUVslBukA89iavz856GMkow1Id4HaFsWs%2BdLQZwA0JQ2ZKr8RJuaAZ7WBf%2F8mxPs%2BVmEKpKs4%2BnHmxVzFft%2FlagKjrBTkLPK3v21J%2FirCv%2Fbqi4aikKb1ruFZfs3hdbhzW4olRjRtOJE1yCIHxsjeb%2FEDPYHCcQ5Lxa9MDBQj8IZVgtiQIoPPxTFhRys8EEAD0h1cgf22LO2Ys3pKXTQpZlk5nN%2FJ5jw0fZ%2Fsi4e7wcRL1MV6trx3ZI%7Ctkp%3ABFBMnLfD56Zj
Anuncio nuevoApple iPhone 11 - 128 GB - Negro (Desbloqueado),4.5,De segunda mano,,179.0,Estados Unidos,https://www.ebay.com/itm/196204688921?epid=5034224981&hash=item2daeb5f619:g:n1EAAOSwi4ZlruSe&amdata=enc%3AAQAIAAAAwGq5XH0hjxysGUQDLmZCAhB85uL1xbBdJx61U63ziJkz8iRVizlCiCHT0%2BS5bmsdXoofP53D4kHKVXUSUpGT68wQYKJJdpFywJYTFNVMN3vUs46MktZ%2FXSXxauyOuPbraJksrzDVvQdSGep1NLSBQIsc4lvl4blYiaEJH1H1bx%2F3n3ktL8iIfD4KiIPo37YIRhCLK3gpECFjPhrQ1Z5PvC3ktSu96aCA%2F6afcxboNnKPkVivZFgfBVLqFqtduSQH0w%3D%3D%7Ctkp%3ABk9SR563w-emYw
Apple iPhone X 64 GB Desbloqueado de Fábrica AT&T T-Mobile Verizon Excelente Estado,4.5,Restaurados,,179.95,Estados Unidos,https://www.ebay.com/itm/294381041990?epid=2310781314&hash=item448a7a3946:g:vysAAOSwAwNlAHog&amdata=enc%3AAQAIAAAAwFeBaiaNsOSREN8buEwkaWb7XLpGtz4e73%2BRIuLGNJAKtH2NzLexfkFS3%2Bnxo9wMM8WKAoaiNPQh8OBJ7hYlroMg2UJEZBxuY639jtIhGWNkfyCnrnN6aKFZ9%2BtNLdHPUPN9sK8w%2Fexep5qgVMtoPp0Cg8ttlng0yVuQsEPxFde6VF%2BfgZcFekfA%2FTuvuwxzT8n6O09ArqPdtHXyYJh%2Fw1giYULiYRLjXE9coSawTooDlQh5q3hoaRXcpGm2gBK4nw%3D%3D%7Ctkp%3ABk9SR5q3w-emYw
Apple iPhone XR 64 GB | 128 GB | 256 GB - Desbloqueado de fábrica (GSM + CDMA) - Muy bueno,4.5,Restaurados,,180.0,Estados Unidos,https://www.ebay.com/itm/126169089988?epid=24023698450&hash=item1d604387c4:g:0NsAAOSwRRplKYmY&amdata=enc%3AAQAIAAAA4C6%2BABiriA8uuJhUJ%2F4HpiiWipFMVd0eNPoXd6O4cI9bE9h0mAqu%2Bdtx29FCfUUrOSeZeLjnrDaAPmyz7ABq08a%2B6XY7ofJnIOONpk2gqL9%2FMIBPuXhCYWaktdbK3G09i8ecKP8o8JX4MSxKB7emhdoYVJK9aA2492VzC2yeNMECGA3u6Y74qSoeO%2BlZm91MeZO1mXWvF%2FTYPvyqbx%2BB0bGPIwANlxNGNL3lLN744LPql7pAAihMS0lEEodxMKX%2FlcEokOFKtaq0t6HKfmcyupbYFDJdv7QaMXpl1XGYINEZ%7Ctkp%3ABFBMmrfD56Zj
Apple iPhone X 64 GB Desbloqueado de Fábrica AT&T T-Mobile Verizon Muy Buen Estado,5.0,Restaurados,,181.95,Estados Unidos,https://www.ebay.com/itm/294480146529?epid=4056997021&hash=item4490627061:g:b7YAAOSwkd9lAHvO&amdata=enc%3AAQAIAAAA4HSEgqqUzAFx%2FSvNFOOWSQfC3MqLA88nxTjM6yVfDGl9JTSe7KN%2FAirNbZ7xZtXC5BgT%2F4YwkNU0ClfEobJ9KqG1M3H6f8GtcFMKEOPeJJNpFq8olYNaMoZCOhYOlxyFtySE%2Fa%2BDyEkBYAhfJFsRcGAKL%2FnqSR29ouwAyS143IohRfHNG81w5ZLHsuFa8B%2F7Oh32s6uijL1UbNJblgO0wu%2Fs3yS0GZsC%2BKLLtnQ%2B%2FM%2BVb4R06aOxkljpU2lTtwqJXrYcW7QEL7o85q2hDuWyROLHWLEYI5jGr7yMbt5yRuGM%7Ctkp%3ABk9SR5i3w-emYw
Anuncio nuevoApple iPhone 12 - 64 GB - Azul (Desbloqueado) (Doble SIM),5.0,Para repuestos solamente,,184.49,Estados Unidos,https://www.ebay.com/itm/296181026631?epid=12041705105&hash=item44f5c3cf47:g:aYcAAOSw80NlryZI&amdata=enc%3AAQAIAAAA4DmC%2BgI4QEtYVPURB%2FlvsPvPIk1FN%2Br2kegIdrVEIT1jsZOwYvxSmDvcobMMk%2FyJlAFJEEIsWJHEXWhatE6Mm1wroK5g9cryfv11ohVK0%2BuheESHa7habiXsZ9HI4Ivt6Pj%2FPF4YD%2BF5DJCFxc0kJPV76mNaluxwc8qxmFcSQNSQV4euRJSVOiV3deKtcek4zdafsCQdbZB%2BR3ythMpwoaCOq0FR6CIdvB6wzqAMMM%2F%2BNJUvY8pb9iVgSOdelBx3xOnZnX2rgHu3XrnJDTyaa2GvCKyMoF21h62vX%2BECYmPn%7Ctkp%3ABk9SR563w-emYw
Apple iPhone X 256 GB Desbloqueado de Fábrica AT&T T-Mobile Verizon Buen Estado,4.5,Restaurados,,189.95,Estados Unidos,https://www.ebay.com/itm/294515730831?epid=240420150&hash=item449281698f:g:jqsAAOSw4CVlAHxE&amdata=enc%3AAQAIAAAAwOzeHgJhUZladhqeL9knCu8W7bHjq2j6JVPkBOVIhJROZR6YPJvtoD3Pnc8vO4VM63mjiw50q6tipnQVEqMccEJrA9%2FJFxmwgNnRD2eRGKcolw13CQD86F1GLJA6jb5FZvrhElGTxxX%2Bpq0s3jKEuhcsz%2BJQz4vehYl6M5v0Rh6aL14aRWt6hEE4xD%2FySvPN34AubT1GVwkinfK4fxI92eqHSpRnLBSJ4yI7PA31gKRT9f6yPDni3kGyJBZnjm%2F9oQ%3D%3D%7Ctkp%3ABk9SR5i3w-emYw
Apple iPhone X 256 GB Desbloqueado de Fábrica AT&T T-Mobile Verizon Muy Buen Estado,,Restaurados,,204.95,Estados Unidos,https://www.ebay.com/itm/294291233342?hash=item44851fda3e:g:G2gAAOSwDbVlAHfz&amdata=enc%3AAQAIAAAAwMF%2BEFe%2BSFnA6yBdPaB4vdHPSryjeSIApBQDQ8qtuoXboY7DIqCtFG0sw7UwCChvDnSQExSu%2BXsu%2Fnkrc83LDd8kX8iWv2xLDq68uaiqItF8qpWKaUiOb81qx4PJLQXjJfNq5uEygndmNVeRgIjAFnjNflGK6HX%2BzERpucsQBEZc8uPlX0rsQWFilHxKYKlmbSCrBNT4QjbmADSMcP%2B4ZPuVmt4iTSRVbF8oo0wKPHAZF6gOr3hWWKir1nW1vK%2BkfA%3D%3D%7Ctkp%3ABk9SR5i3w-emYw
Apple iPhone X 256 GB Desbloqueado de Fábrica AT&T T-Mobile Verizon Excelente Estado,4.5,Restaurados,,211.95,Estados Unidos,https://www.ebay.com/itm/304149402544?epid=240377022&hash=item46d0b793b0:g:GWcAAOSwUARk74K6&amdata=enc%3AAQAIAAAA4CAs7U2aH8PdCS7jHMWh1iKIXslK5YuAZjUmhfeZkigFK8rB1Q5wGlSyctXREKgMycIJ1RqHyscMusccCfFCW6fSwZq3RZCkUaK%2FSmAF87WVpg99FoNBSTLmzBexjXhyw7%2B7xh0ntJMM7JBOpexuAKbSzp%2BOz5JUljvhMXZC49d5qijy6Twu8VyiRwSSNh3mtRwzKQ7OGuS2XBhhYrn6LREBtxckgHqe5FsRTyHJl%2BNAMMhcS8b1SzTuxpTXtJT%2FSw5ywmX02FRL08kNNOKeTfsEyhWrzH4oufH7MmNt04rw%7Ctkp%3ABk9SR563w-emYw
Apple iPhone 12 mini 64 GB Desbloqueado de Fábrica AT&T T-Mobile Verizon Buen Estado,,Restaurados,,217.95,Estados Unidos,https://www.ebay.com/itm/294462407136?epid=2336047301&hash=item448f53c1e0:g:RIUAAOSwQCtlAHuR&amdata=enc%3AAQAIAAAAwCXdZhyR4s576W4bt042jgGTlveW6vWJ74DCwR%2BPAAidkZVSsTkZA7sPD4LX1jUaOKbaXoMbU6euVqi2PL83iwNblYa6cZRU7MoHQ9r7QWPRw17fv7c5wxPEkprCUds9W7rs%2FMspTyT64utDvCYignywnPuHM7N4x66BYd%2FdFASOFhOSq12Ks9Czn4muf7BdLk3kqs2Ln%2BWcCcAx%2BDweqvbTJNVMsOH1cFve%2FjhE3t0%2B0847HZ6Zfo1nC5oL%2Bo1YzQ%3D%3D%7Ctkp%3ABk9SR5q3w-emYw
Apple iPhone 12 64/128/256 GB - Totalmente Desbloqueado - Todos los colores - Estado Usado,,De segunda mano,,249.99,Estados Unidos,https://www.ebay.com/itm/225635271055?epid=19065004504&hash=item3488e9018f:g:t4wAAOSwg4hkCgdI&amdata=enc%3AAQAIAAAA4DgSMYcWrEBGRZ%2Bon2nj%2BOT1fRx7BFeuLfo9vHBpHgqvqK31YBR0nFv4mS3wbXM75788BXM%2B7iA5Apzjun66qgdlpcKkKAc2zI0Ow3ODUEk40uNVOs9lI%2BsGS9HaLUStqRSX5cYW6vSo63wpszDn26e89W%2BL%2BK5WiPkLO5P8YdQM2hpS%2Fd%2Ft8TF9B%2FZ6%2FRwpgn14tKwTagTEXEpxsNUfkBU1aJX7Ieo0ByjvWWiwYflu0KN1YqEDBsxrxuDzD7zAXSeT7rSkUrz4PEASuk%2FqVH6gRPKCT0f84eXfsRdBE7Bg%7Ctkp%3ABk9SR5y3w-emYw
Smartphone Apple iPhone 12 64GB AT&T (Negro Azul Púrpura) 5G,5.0,De segunda mano,,253.0,Estados Unidos,https://www.ebay.com/itm/115986196188?epid=13041717128&hash=item1b0150e6dc:g:rgQAAOSwDrVlXjW9&amdata=enc%3AAQAIAAAA4OWrea7LLITb3LfM%2BaIPJgh%2BCIQTrMmkoFIj9cIZbcvAzn%2BafTOB9Vk379FZLDULOluOFmPnmC4m62xkH%2FcnA3vd03OlWKFBfHu%2FF82t56SQgnzH7Pv1wgyg5e51qWyM9uOaiLYXyEMIgP48qvfxzF6Tc6cdR2%2FU9F%2FnLbElWyw8upFGrHDI7%2F3FIwvxzUOMlU9oLLXYDUUYX0Ml6M%2FpdKndpWWdavfzNNinl2Y74Anq8rfBOnK6qh8Rk3dHikDnFkwCHjl8JfzizOz2EkwETyW3fGqyKZnOq4H8cuvSZmAA%7Ctkp%3ABFBMmLfD56Zj
Apple iPhone 13 128 GB - Desbloqueado de fábrica - Excelente.,5.0,Restaurados,,424.99,Estados Unidos,https://www.ebay.com/itm/155115081485?epid=7049287412&hash=item241d944f0d:g:THsAAOSwEzJiyF7w&amdata=enc%3AAQAIAAAA4MfyhgaU9XwGry0sUJIDjWtqYjs%2Be2zcjae9ysAqrVnKOQSG3gSH17nYQSV%2BBl2ir9XtVk6XD2C02Q3%2FhgIQ5qKrRnMaCMnwz72TOZXx%2FBijeFu4pFZSPatBpCAfXJOqDRpe1RevuxtaqHEzbqEl3KQPwmjDSrdhFJ9PFyfRUYwrizRyqSA7bd0DNuMggmT6T7EqOX61w6Hr7Bc5JvYBhPJXcqihs5mnB5euBZGUQoxYjisTcC0PrHvRQZr%2F8VqVJoaGndZGA12F24Yf%2BhwzVMf%2F0dZ15vVdKQkXOVx%2BlUvJ%7Ctkp%3ABFBMnLfD56Zj
